{
    "accuracy": 0.595,
    "precision": 0.5789473684210527,
    "recall": 0.5729166666666666,
    "auc": 0.6160857371794871
}