{
    "accuracy": 0.672,
    "precision": 0.675,
    "recall": 0.6532258064516129,
    "auc": 0.7204941116231438
}